slug_lowercase	endonym	exonym_en_001
ar-001	العربية	Arabic
bn-001	বাংলা	Bengali
cy-001	Cymraeg	Cymraeg
cy-gb	Cymraeg - Prydain Fawr	Welsh - Great Britain
de-001	Deutsch	German
en-001	English	English
en-gb	English - Great Britain	English - Great Britain
en-gb-oxendict	English - Great Britain - Oxford	English - Great Britain - Oxford
en-us	English - United States	English - United States
es-001	Español	Spanish
fr-001	Français	French
hi-001	हिन्दी	Hindi
ja-001	日本語	Japanese
ru-001	Русский	Russian
zh-001	中文	Chinese
